address;source_location;insn;indent
0x402818;:0;ADD	X0, X29, #64;
0x40281c;:0;BL	402eac <_ZNSt8__detail8_AdaptorISt23mersenne_twister_engineImLm32ELm624ELm397ELm31ELm2567483615ELm11ELm4294967295ELm7ELm2636928640ELm15ELm4022730752ELm18ELm1812433253EEdEclEv>;
0x402820;:0;FADD	D1, D0, D0;
0x402824;:0;FMOV	D0, #1.0000000;
0x402828;:0;FSUB	D0, D1, S0;
0x40282c;:0;STR	D0, [X29, #96];
0x402830;:0;ADD	X0, X29, #64;
0x402834;:0;BL	402eac <_ZNSt8__detail8_AdaptorISt23mersenne_twister_engineImLm32ELm624ELm397ELm31ELm2567483615ELm11ELm4294967295ELm7ELm2636928640ELm15ELm4022730752ELm18ELm1812433253EEdEclEv>;
0x402838;:0;FADD	D1, D0, D0;
0x40283c;:0;FMOV	D0, #1.0000000;
0x402840;:0;FSUB	D0, D1, S0;
0x402844;:0;STR	D0, [X29, #88];
0x402848;:0;LDR	D1, [X29, #96];
0x40284c;:0;LDR	D0, [X29, #96];
0x402850;:0;FMUL	D1, D1, D0;
0x402854;:0;LDR	D2, [X29, #88];
0x402858;:0;LDR	D0, [X29, #88];
0x40285c;:0;FMUL	D0, D2, D0;
0x402860;:0;FADD	D0, D1, D0;
0x402864;:0;STR	D0, [X29, #80];
0x402868;:0;LDR	D1, [X29, #80];
0x40286c;:0;FMOV	D0, #1.0000000;
0x402870;:0;FCMPE	D1, D0;
0x402874;:0;CSINC	W0, WZR, WZR, #13;
0x402878;:0;AND	W0, W0, #448;
0x40287c;:0;EOR	W0, W0, #0;
0x402880;:0;AND	W0, W0, #448;
0x402884;:0;CMP	W0, #0;
0x402888;:0;B.EQ	402818 <_ZNSt19normal_distributionIdEclISt23mersenne_twister_engineImLm32ELm624ELm397ELm31ELm2567483615ELm11ELm4294967295ELm7ELm2636928640ELm15ELm4022730752ELm18ELm1812433253EEEEdRT_RKNS0_10param_typeE+0x4c>;
0x40288c;:0;LDR	D0, [X29, #80];
0x402890;:0;FCMP	D0, #0;
0x402894;:0;B.NE	40289c <_ZNSt19normal_distributionIdEclISt23mersenne_twister_engineImLm32ELm624ELm397ELm31ELm2567483615ELm11ELm4294967295ELm7ELm2636928640ELm15ELm4022730752ELm18ELm1812433253EEEEdRT_RKNS0_10param_typeE+0xd0>;
0x402898;:0;B	402818 <_ZNSt19normal_distributionIdEclISt23mersenne_twister_engineImLm32ELm624ELm397ELm31ELm2567483615ELm11ELm4294967295ELm7ELm2636928640ELm15ELm4022730752ELm18ELm1812433253EEEEdRT_RKNS0_10param_typeE+0x4c>;
